Index;Text;Class;True class
1;This is what it’s all about. The cut and thrust of Ashes cricket. Let’s just have a beer and reminisce. Why cricket is the best!;Sport;Sport
2;WHO WILL WIN? ITALY - 1.66 SWITZERLAND-6.0DRAW - 3.85;Sport;Sport
3;Laporta becomes a member of the RFEF Council.;Sport;Sport
4;HE'S DONE IT!! Eliud Kipchoge achieves 'the impossible' and runs a marathon in under 2 hours. Mission accomplished. One of the most remarkable achievements in history.;Sport;Sport
5;I know this is not the first time I've said this but.... 24 pages and not a single mention of women's sport - Am I missing something?;Sport;Sport
6;Finish pencil work of Anthony Oluwafemi Olaseni Joshua, professional boxer who is a champion, having held the WBA, IBF, WBO, and IBO titles since December 2019. Total fights24 Wins23;Sport;Sport
7;Greetings from the Sport Industry Awards!;Sport;Sport
8;Hundreds of thousands of people will get drenched today, sodden through, for 2 hours with nowhere to leave change of clothes and no changing rooms to shower after a game. And every one of them, will love it! Today will show how important sport is to mental health Let’s go ;Sport;Sport
9;We need this at the Winter Olympics ASAP. It's so much better than Curling.;Sport;Sport
10;Fast and furious! Discover Hurling, the fastest game on grass!;Sport;Sport
11;All electric 2022 Fisker Ocean out driving in the wild!;Sport;Sport
12;Me commentary on Women's Soccer vs Men's Soccer.;Sport;Sport
13;WOW: Perfect shot of a swimmer just before the water’s surface tension is broken;Sport;Sport
14;15 February 1943 | A Pole Józef Noji was shot in Auschwitz. One of the best long-distance runners of the 2nd Polish Republic. He was an Olympian, multiple champion of Poland in the 5000, 10000 & cross country running & a tram driver.;Sport;Sport
15;"Argentina has cancelled a football Match with Israel in protest at Israel killing unarmed Palestinians. Israel says it is anti-Jewish 2do this; Argentina suggests it is nothing to do with being anti-jewish, but 2do with standing up for human rights. ";Sport;Politics
16;As they say “Genius leaves Clues” and Ronaldo is certainly one. Track him & the defender front of him. Both observe exactly the same things but Ronaldo times his jump just a few secs before the defender to head it home. Unbelievable anticipation & pure precision.;Sport;Sport
17;Admirable sportsmanship from Japan's Asahina Sarah as she claims the World title with immense respect!!;Sport;Sport
18;Great event in Paris for the Hall of fame at the FIA. It’s a big pleasure to be the fist driver to be inducted in both the F1 and FIAWEC Halls of Fame. Thank You.;Sport;Sport
19;"""A picture speaks a thousand words"" June 11-17th men's health week!! Check in with friends, family or colleagues, because one conversation can save a life";Sport;Sport
20;Its International Day Against Homophobia, Biphobia & Transphobia. Nobody should face discrimination, especially in sport;Sport;Sport
21;What's your favorite sport? Model: elisarose sg;Sport;Fashion
22;Spot the distinction: Three of these are FEMALE surfers who have an “athletic identity.”One of these is a MALE in a dress holding a surf board using sport to affirm “woman identity.”;Sport;Sport
23;When analyzing short sprints like the NFL Combine 40-yard dash, interesting to note that even fastest athletes approach top speed (> 90% Vmax) relatively early in sprint. Based on Clark et al (2019), JSCR.;Sport;Sport
24;On this day (2nd Aug) in 1988 I joined Everton to start a new chapter in my career. Great times at Goodison thanks for supporting me so much over the years toffees.;Sport;Sport
25;Sunday ride;Sport;Sport
26;She was crying because she won. I was crying because I was cramping;Sport;Sport
27;THIS IS RACE DAY !!! The first ever Hypercar race is about to start.;Sport;Sport
28;Class is in session;Sport;Sport
29;Random: Brazilian Football Team Invokes The Spirit Of Pokémon To Welcome Veteran Japanese Player;Sport;Games
30;Today we reached our goal by playing a great match It was remarkable! Thank you for all the support to our team. Can’t wait for the next match on Thursday!;Sport;Sport
31;Wishing you all an inspirational and momentous 2018. Life is full of challenges and overcoming these adversities makes it even more meaningful.;Sport;Sport
32;It was my pleasure to sit down & speak with Minister of Youth Affairs & Sports, Rajyavardhan Singh Rathore. We signed an agreement in support of integrity of sport & working together to address challenges facing sport.;Sport;Sport
33;GAA Clubs and Counties are after sacrificing so much since March. We have lead by example, we have listened and adapted. They are other problems that need to be addressed, but yet sporting events gets punished for doing everything right.;Sport;Sport
34;Cameraman with heavy camera in one hand, looking mostly backwards, seems to be the winner.;Sport;Sport
35;Only when your activity is exuberant, will you keep crossing limits. Sport is exuberant activity, so crossing limits becomes natural.;Sport;Sport
36;Wimbledon, THIS ... and STILL an NBA Finals game tonight?;Sport;Sport
37;From Muhammad Ali to Colin Kaepernick, the proud history of black protest in sport. A lovely opportunity to write with my brother;Sport;Sport
38;India will become a GREAT sporting nation when sport is made an integral part of our education system. May we transform our ways of education from an oppressive system to a playful process.;Sport;Politics
39;There are many athletes & sports journalists among our followers;Sport;Sport
40;What have we just witnessed?!!!!!!Congrats benstokes38 congrats englandcricket Magical - but more importantly - they stay in the series;Sport;Sport
41;Severn Class are having a great time in PE this afternoon!;Sport;Sport
42;Match Poker brings nations and people together! Korean and Japanese national teams collectively pose for photos at the 2019 Asian Nations Cup in Taiwan;Sport;Sport
43;Mic’d up with KPI FT;Sport;Sport
44;The player and his agent don't feel any pressure for refusing to answer the club's offer.;Sport;Sport
45;West Ham attacker Antonio agrees new deal ;Sport;Sport
46;Here are some of our resolutions for 2022. What are your goals? Let us know in the comments below.;Sport;Sport
47;Happy New Year! We're starting the year off in a sporting fashion! Yesterday, Year 3 had their first badminton lesson. They really enjoyed the challenges of trying this new sport and made great progress in the lesson. ;Sport;Sport
48;Many of my very first Paintings (fish)are mainly related to the ocean. Scubadiving changed my life at many levels and i can't say how deep it keeps my attention and feelings. The ocean is also an emotional experience;Sport;Sport
49;Women's Double Layer Shorts;Sport;Fashion
50;About last night... Plot twist you said?;Sport;Sport
51;Kei Kamara in Douala, good luck to you all.;Sport;Sport
52;Here Comes World’s Fastest 100 Meters Para Skater;Sport;Sport
53;Our favourite soundtrack ever;Sport;Music
54;Hi moots! This is one of the characters that were in my new year drawing. Just a character that I drew randomly and ended up liking too much. Btw I'm calling her Bei for now, but not sure yet;Sport;Sport
55;How’s that for a list? Debate;Sport;Sport
56;The beginning of the end of the Winter Olympics? Fifty years ago on the first page of the Sport newspaper...;Sport;Sport
57;Novak Djokovic is playing the Australian Open thanks to a special permit. Which means he is not vaccinated. A slap in the face of millions of Australians. Profit over people;Sport;Sport
58;Mum on duty - a glimpse of the academy boys doing resistance hill sprints;Sport;Sport
59;Fashion Groom Wedding Shoes;Sport;Fashion
60;Arsenal defender Pablo Mari weighing up Brazil return;Sport;Sport
61;Great opportunity for young people with an interest in sports...Register your interest now on 01530 242 706 or bookings@megroup-uk.co.uk Group delivery and/or discounts are available to groups, clubs and youth organisations.;Sport;Sport
62;Grace is what that add five stars to any act and this leotard is all about sparkling your performance. So, dress up in this leotard for an amazing performance time ahead.;Sport;Sport
63;If your from Mayo, turn on Tg4 , best 10minutes of 2021  we may not have an all Ireland but we beat Dublin good;Sport;Sport
64;We celebrate Harlem Globetrotters Day every January 7, and we are all pumped up to honor one of the greatest teams in the history of basketball.;Sport;Sport
65;Training with the Mauritius Academy of Sport;Sport;Sport
66;The Hexagons' Fight Night is around the corner!! Who is your champ?;Sport;Sport
67;Bodybuilding;Sport;Sport
68;Unfortunately due to a large number of COVID Cases and Close contacts to COVID cases, tomorrows game at Aspatria has been postponed. It will be rearranged for later in the season;Sport;Sport
69;A 2021 to remember for the Tigers ;Sport;Sport
70;Enjoying the Night Drive;Sport;Games
71;Man Utd boss Rangnick concedes January sales can happen;Sport;Sport
72;Leicester boss Rodgers reluctant to rush Vardy back;Sport;Sport
73;Being early for work: the aesthetic.;Sport;Sport
74;the game of rugby.;Sport;Sport
75;Australia has cancelled the visa of Czech tennis player Renata Voracova. She is now being held in the same hotel as Novak Djokovic.;Sport;Sport
76;The Pharaohs have also been forced to cancel training after coronavirus cases were reported in their camp.;Sport;Sport
77;Kieran Trippier is packing his bags for a Premier League return;Sport;Sport
78;Nketiah's Arsenal contract is set to expire at the end of the season;Sport;Sport
79;Arsenal's game away to Birmingham in the BarclaysFAWSL on Sunday will be broadcast live on Sky Sports, with kick-off at 2pm;Sport;Sport
80;The Best FIFA Men's Player 2021 nominees. Who gets your vote?;Sport;Sport
81;Your 2022 predictions... Best Goalkeeper: _________ Best Defender: _________ Best Midfielder: _________ Best Forward: _________;Sport;Sport
82;Philippe Coutinho golazo!;Sport;Sport
83;When did you 'discover' Eden Hazard?;Sport;Sport
84;Who are Africa's top Champions League scorers & performers?;Sport;Sport
85;Cristiano Ronaldo's evolution as a player: tell us your favourite versions throughout his career...;Sport;Sport
86;If anyone is interested in being part of the Nightmare Team, please feel free to DM me for a private link to all picks! ;Sport;Sport
87;"The Canes ""storm eye"" logo has been the face of the franchise for 25 years. With the team's bright future, I felt it would be interesting to embrace the unique ""warning flag"" branding.";Sport;Sport
88;Anyway this whole situation is a fascinating trainwreck but this remains the most entertaining (to me in particular) event involving Dj0kovic;Sport;Sport
89;Just released our first podcast on Spotify!! Go check it out!! ;Sport;Music
90;This is great,  now there is an opportunity to bag more of blocsport1 token. ;Sport;Sport
91;Day#1394 of running min 10 km/day Total-16448 km (from 16/03/2018);Sport;Sport
92;Salah or Auba: Who will win the AFCON Golden Boot?;Sport;Sport
93;What are these going for asking for a friend;Sport;Sport
94;Everything you need to know about the Africa Cup of Nations;Sport;Sport
95;The African Cup of Nations Kickoff this weekend in Cameroon. The best 24 teams in Africa will battle for Gold starting this Sunday. Who are you drumming support for?;Sport;Sport
96;All the games played today was a hit going for bigger numbers soon....;Sport;Sport
97;oday went skating, a lot of people, but so cold, I did not play long.;Sport;Sport
98;How excited are you?;Sport;Sport
99;Captain Harpreet Chandi, popularly known as Polar Preet is a 32-year-old Indian-origin British Sikh Army officer and physiotherapist who has formally made history by becoming the first woman of colour to complete a solo, unsupported trek to the South Pole.;Sport;Politics
100;It's going to be a new year for Sports Unfolded, so we will begin tracking our weekly picks!! If you want to compete against us, just watch LIVE at 6PM!! ;Sport;Sport
101;Dakota Johnson shows off her new blonde highlights as she rocks double denim at Santa Monica studio;Music;Music
102;Let's get it, all positive vibes fi 2022 GLOBAL STATE OF MIND;Music;Music
103;All clean and ready to get loud. This 1977 gibson. Les Paul Custom is pretty tough;Music;Music
104;MAJOR ANNOUNCEMENT! 'Duality' releases tomorrow, and I've kept some secrets from you. The EP releases in Dolby Atmos Spatial audio on applemusic thanks to my buddies at graysparkaudio! If you aren't sure what this means, read up! :);Music;Music
105;Tears For Fears - Mad World;Music;Music
106;Who loves LOVE IS A BATTLEFIELD by Pat Benatar?;Music;Music
107;So you walked back in through a bolted door and did it all again I am so fucking happy to announce that Poguetry are getting in motion, hitting the road again exactly two years after we were so rudely interrupted! New dates are being added so check in for updates;Music;Music
108;Rooftop, music, pizza, cooool wind, that's it, what else you wish! ;Music;Music
109;Dolores O'Riordan (born 1971 - died 2018) was one of the most important singers ever to have come from Ireland. Her singing style, best known while lead singer of The Cranberries, was influenced by the Irish tradition of keening. ;Music;Music
110;Fun interesting podcast on pop music. Check out who are the stars in this episode:;Music;Music
111;"Chet Baker ""It Never Entered My Mind"" Beautiful Ballad!Kenny Burrell Guitar Paul Chambers Bass";Music;Music
112;Bit of darts with my new rockstar_13 darts and music;Music;Music
113;what song got you feeling like this;Music;Music
114;In the month of December we burned over 482 BILLION RYOSHIS VISION TOKENS!! ;Music;Music
115;What do you do to make the world more beautiful?;Music;Music
116;Retweet if you love this and follow us for more daily posts!;Music;Music
117;"Wanted to post this other commission from DewyMelo! This one is called ""Chilled Dewy Melon Treats!"" She commissioned us before, but if you missed her, go check out her socials in the replies!";Music;Music
118;My dad always wanted to be on YouTube for music. Should he do it? ;Music;Music
119;Throw backs,2001 really gave us hitd;Music;Music
120;A little connexion to my body;Music;Sport
121;U2 - New Year's Day (Live, 1983);Music;Music
122;Musical Ear Syndrome: How it happens and why;Music;Music
123;Cheers to making lots of new music in 2022.;Music;Music
124;Jan. 7, 1971 Black Sabbath released their 2nd studio album, 'Paranoid'. ;Music;Music
125;“Everywhere at the End of Time”: is a production of which the bizarre unnerving nature of the album’s concept and sound have inspired a plethora of fan theories. it is noticeable that it attempts to simulate the mental deterioration which occurs in sufferers of dementia.;Music;Music
126;Hi^^,I wrote this lyrics,bc I really want to be a singer but in my country it's a crime for a girl and she will go to prison,this lyrics is about that don't think you're alone i understand you,it's for every girls and boys in the world^^,let's try our best;Music;Music
127;GM....sounds like Volume 2 is almost ready, can't wait to share it with you Announcement to come: here's a track preview in the meantime.;Music;Music
128;New music coming soon;Music;Music
129;GM. What is Music2Earn? MusicY is coming.;Music;Music
130;Grinding in the home studio! More new music coming this month!;Music;Music
131;Preview trailer for my upcoming concert. Back to the concert hall. Excited!;Music;Music
132;New single drops in 2 weeks... 1-21-2022.;Music;Music
133;Elvis Presley signing autographs for fans.;Music;Music
134;Bass is kinda my thing..;Music;Music
135;Sometimes we just need to end the day with the piano in the classroom;Music;Music
136;“With These Hands” available everywhere! DM me for the CD version.;Music;Music
137;Tried playing the beginning part of Reine de Musette waltz..More practice in new year.;Music;Music
138;Hello from our little studio friend;Music;Music
139;Four Tet’s Streaming Royalties Dispute With Domino: What’s Going On and Why It Matters ;Music;Music
140;Jan. 7, 1995 Green Day were #1 on the Billboard Modern Rock singles chart with the song, 'When I Come Around'.;Music;Music
141;We got you covered, which song are you grooving to tonight?;Music;Music
142;SoulLink Live, Vol. 3: Man in the Mirror /The Williams Brothers (CD, 2006) New Sealed;Music;Music
143;"Music has the power to make me feel good like nothing else does. It gives me some peace for a while. Takes me back to who I really am.""";Music;Music
144;Check out my new album Pride by Dragon of the East! It's lit.;Music;Music
145;My human loves to play piano, sing, play drums and play accordion. Her number 1 dream job is to be a musician. Sometimes I play the piano too;Music;Music
146;Guess This Song. Hope You Can Understand This Song;Music;Music
147;dance in yeartwo this afternoon. The children really enjoyed creating moves to go with the Titanic music today! Well done kids!;Music;Music
148;Just making beats ;Music;Music
149;Now Know - Esperanza Spalding;Music;Music
150;Let’s Record Something New!;Music;Music
151;You can send us your music videos here!;Music;Music
152;What song should I record next ?;Music;Music
153;JUNGKOOK IS NOW ON SPOTIFY!!!! OHMYGOD;Music;Music
154;Lol, today in the unemployed series... A flute beat. Enjoy. ;Music;Music
155;Life is a song. Love is the music;Music;Music
156;Rock and Roll Wins.;Music;Music
157;Hey! I just did a cover from the song illmakelovetoyou by boyz2men If you want to check it out, it will make me very happy. Jejeje, thanks;Music;Music
158;Also that hairstyle of Kunal Khemu.;Music;Fashion
159;What is a good song ? ;Music;Music
160;Maybe it's time..? I like this song. Happy New Year by the way.;Music;Music
161;New Style coins belly dance waist chain hip scarf bellydance belt, 9 colors for your choice.;Music;Music
162;TAG all the ARTISTS you think that are slept on in the comments!;Music;Music
163;Jan. 5, 2013 Bruno Mars was #1 on the Billboard Hot 100 singles chart with the song, 'Locked Out Of Heaven'.;Music;Music
164;Music is to the soul what words are to the mind;Music;Music
165;What's your favorite accessory??;Music;Music
166;Good Morning! Hope you are having a wonderful week.;Music;Music
167;We enjoyed listening to an orchestra in Music today. So many musicians playing beautifully together! We loved it!;Music;Music
168;The children in Cherry Class enjoyed playing music on the glockenspiel today during their music lesson;Music;Music
169;A melody for a weary world;Music;Music
170;"""Music is the art which is most nigh to tears and memory.""";Music;Music
171;Recording a funky stomp today. ;Music;Music
172;"It's Wednesday and we ""WYLIN!"" What yall on?!";Music;Music
173;30 years ago on this day in music the UK no2 in 1992 was KLF featuring Tammy Wynette with Justified And Ancient;Music;Music
174;Have you followed us on youtube? We follow back! Catch all the vids from the album and more!;Music;Music
175;We invite composers of electronic & acousmatic multichannel music to propose works for 8 channel (minimum), 16 channel or higher formats to be difused in the future programmes of the;Music;Music
176;"""I never stop being amazed by all the different ways of playing the guitar and making it deliver a message."" --Les Paul";Music;Music
177;Discussing the plans for the band in 2022;Music;Music
178;First music assembly of the New Year!;Music;Music
179;Trying to figure out how to play that dang thing;Music;Music
180;Daily Music Roll Music Magazine January 2022 Edition is Available Now;Music;Music
181;Our local church donated two whole drum sets for our students to use for General Music! ;Music;Music
182;New song coming out at 11am PST!;Music;Music
183;Ambient Space Relaxing music;Music;Music
184;I love working from home with my baby. We actually did write a song.;Music;Music
185;Practice often, always making music.;Music;Music
186;I've seen this video over and over again.;Music;Music
187;Check out our 2021 Year in Review Update and 2022 Strategy for Artist, Services and Revenue Growth in this morning's press release.;Music;Music
188;The music don't stop The Name Of The Game - ABBA on;Music;Music
189;A unique cover of the Moody Blues Nights in White Satin ;Music;Music
190;My new EP Memories is coming in February with 7 tracks;Music;Music
191;Now make calls and listen to non-stop music! Get your own Smart Fitness Watch - GIZFIT 910.;Music;Music
192;Who says you can't rock out in a dress?! Full Show Link here:;Music;Music
193;Daily Music Roll - Online Digital Music Magazine - January 2022 Edition is now Available on Amazon Kindle;Music;Music
194;Who says you can't rock out in a dress?! Full Show Link here: ;Music;Music
195;Love playing retro games during breaks between music sessions!;Music;Music
196;Check out our 2021 Year in Review Update and 2022 Strategy for Artist, Services and Revenue Growth in this morning's press release.;Music;Music
197;Kalpop is the joy, the passion, the mood and the whole vibe around it.;Music;Music
198;Now make calls and listen to non-stop music! Get your own Smart Fitness Watch - GIZFIT 910. Buy now :;Music;Music
199;Name this duo! Wrong answers only!;Music;Music
200;new cover for the group colossus;Music;Music
201;Zendaya stuns in black and white vintage Valentino gown at Euphoria photo-call;Fashion;Fashion
202;Follow me for more- Be You collection 2020;Fashion;Fashion
203;"Long solo walk in early December to buy bread and visit 2 kissas and many parks. ""Fall"" colours are usually at their peak in early December in Tokyo, so that's why I always end up posting ""fall"" pictures in December and January.";Fashion;Fashion
204;Do you like my outfit?;Fashion;Fashion
205;When combining CO2 emissions from clothing production & the massive clothes waste, fashion production accounts for 10% of humanity's carbon emissions.;Fashion;Politics
206;Being fitted for a custom ensemble, 1975;Fashion;Fashion
207;The fast and the furious;Fashion;Sport
208;Custom Hoodies;Fashion;Fashion
209;Check this out. Redemption T-shirt(white) also available;Fashion;Fashion
210;It's getting chilly outside! Stay cozy and show your love for your pet with one of our comfy hoodies! ;Fashion;Fashion
211;Women's Rolled Sleeve Cat Mom T-Shirt.;Fashion;Fashion
212;Moonward aiming set! Scarf and lil hat are cute!;Fashion;Fashion
213;All-Time Top Famous Male Models;Fashion;Fashion
214;In love with this outfit;Fashion;Fashion
215;Find the brands you love, the latest trends, and amazing palm angels replica;Fashion;Fashion
216;happy femboy friday , got a new t-shirt . ;Fashion;Fashion
217;Petticoats were made of cotton, silk, or wool, with many being trimmed in lace and tucks. Some petticoats were knitted!Multiple petticoats were worn for the desired shape. ;Fashion;Fashion
218;I drew a very fancy jester inspired by the venetian carnival;Fashion;Fashion
219;Could you believe that this artwork can be on your T-shirt so you can show it everywhere you go?;Fashion;Fashion
220;Let me just drop this energy… in case anyone needs ZARA boots hit me up..!!;Fashion;Fashion
221;Be determined to make yourself happy.;Fashion;Fashion
222;furniture & fashion ;Fashion;Fashion
223;It was a great day wearing another Liberian designer outfit. This is a Balinese woman 2 piece suit from their AW22 collection. Happy Wednesday, don’t forget to pray for Liberia.;Fashion;Fashion
224;Let's dress baggy and be nas...;Fashion;Fashion
225;Oh! Cool Fashion-Angels-Life!;Fashion;Fashion
226;Silk face mask by The Finest Life. Comfortable and Breathable. Makes a great gift! ;Fashion;Fashion
227;Every positive thought is a silent prayer that will change your life.;Fashion;Fashion
228;You Are Fashion ...Fashion Is You !;Fashion;Fashion
229;Catherine-Red really suits he;Fashion;Fashion
230;Oh! Cool Fashion-Angels-Life! ;Fashion;Fashion
231;Soo beautiful dress;Fashion;Fashion
232;Honored to be speaking amongst these fashion trailblazers in Feb;Fashion;Fashion
233;The latest in 2022 day-to-night office wear.;Fashion;Fashion
234;Ye’s style can truly be described as Effortless.;Fashion;Fashion
235;Follow me for more- Katie Piper in Ego boots and a Phase Eight dress;Fashion;Fashion
236;This skirt is to die for!!;Fashion;Fashion
237;clothes I'll wear when I'm at my ugw!;Fashion;Fashion
238;First drop of 2022 coming;Fashion;Fashion
239;Walk through my portal, I'll transport you through time.;Fashion;Fashion
240;1975. Kmart football sleepshirts;Fashion;Fashion
241;Overcoat, double-breasted, 6 buttons, welt pockets.;Fashion;Fashion
242;Summer break in NZ means kids home from school and serving up lewks.;Fashion;Fashion
243;A new fashion house is coming your way... we hope you're ready!;Fashion;Fashion
244;A dedicated follower of fashion..;Fashion;Fashion
245;Leggings, sweater, Uggs, and a warm Hollister coat make winter work! ;Fashion;Fashion
246;Adding fur to a boots makes it more comfortable;Fashion;Fashion
247;With that dress, accessories, hair and makeup, somebody’s son might just bend a knee! ;Fashion;Fashion
248;Handcrafted bracelet with pewter thread 1,0 cm AZ021 We love this.;Fashion;Fashion
249;Just 3 days left to enter and you could win this beautiful mulberry twig cast in silver. ;Fashion;Fashion
250;Love what you are seeing. Send a dm across let me make some for you;Fashion;Fashion
251;Missing LA a little extra today.;Fashion;Fashion
252;Need to update your wardrobe? Get replica bags;Fashion;Fashion
253;The beauty of a woman;Fashion;Fashion
254;Fashion and Interior Design Fundamentals creates their own designs on dolls for an intro activity. We talked about why each of their outfits are different, how fashion plays a role in our daily lives, and how culture, history & media influences our outfit choices;Fashion;Fashion
255;No wardrobe would be complete without replica aaa clothes;Fashion;Fashion
256;I’m definitely wearing this top wrong. I couldn’t work it out so I said screw it! This works Woman shrugging Upside-down face;Fashion;Fashion
257;"This is appropriating Adivasi Art, to be specific Warli Art. To quote Ranjit Hoskote (1996): ""..divorced from its origins and shaped into a commodity.. the iconography of tribal art becomes empty of meaning, serves only to adorn.""";Fashion;Fashion
258;Sometimes I pretend to be normal, but it gets boring so I go back to being me. I just see things differently.;Fashion;Fashion
259;Hello Twitter! We’re a new Up and Coming clothing brand. We are very excited to start sharing.  We’re wanting to know what type of donut designs you would want to see on a clothing item?;Fashion;Fashion
260;Autumnwell BSCI Audit Factory's Wallet&Purse: Bulk PU Leather Zip Purses OEM or ODM custom orders are welcome,;Fashion;Fashion
261;Yo, why does all mens fashion from today looks like Woody Harrelson from the 90’s?;Fashion;Fashion
262;A slim fit navy blue wool suit Smiling face with sunglasses What do you think? It is available to order on http://Hollomen.com ;Fashion;Fashion
263;I am to preserve our African tales through my craft. What's your story? Let me narrate it through my handmade accessories.;Fashion;Fashion
264;Stock up on replica designer belts for easy everyday dressing - from clean and classic to more flamboyant styles.;Fashion;Fashion
265;“ Mosaic impossible jacket “ by Dolce Gabbana. Unique piece that brings real world and metaverse together.;Fashion;Fashion
266;my girlfriend took some photos of me and i really like them :) i have so many plans for 2022, i’m hoping this is the year to get shit done and be productive lol <3 (they/them);Fashion;Fashion
267;Here's A Preview Of Our Clowder Crop Hoodie For #Women Which Debuts This Month Do You Like ? ..Leave Your Comments Below Be Sure To Press The Notification Bell Next To The Follow Button For Updates On New Fashion Releases And More !Walk On The Cloud.. With The Clowder !;Fashion;Fashion
268;Find the latest replica chanel bag from top brands, all at amazing savings!;Fashion;Fashion
269;Cavpack Mummy & I made it successfully to Stockport Automobile where we arrived to a storm. Fanks to NicPrice22 for the advice about Nat_Mem_Arb the staff were so furiendly and we enjoyed our pit stop Raised hand ps I'm wearing my;Fashion;Fashion
270;Be Unique. Shop replica clothing from http://designerbrands.ru We sell very high quality replica clothing;Fashion;Fashion
271;Who loves a princess ballgown? Meet Cherie! Coming to the US in early 2022!;Fashion;Fashion
272;Perfect match for your feet with fabfeetnigeria We sell quality footwear Hundred points symbol Durable and affordable Hundred points symbol Available in different sizes and colours. We deliver Nationwide DM/2349123391279 Pls Retweet;Fashion;Fashion
273;RUNNERS ALL AROUND THE WORLD Post photos wearing your Space Runners NFTs in beautiful locations & tag us. We’ll share the best ones and winners get Explorer Runner roles on Discord Credits to SeafoamSerpent | RUN;Fashion;Fashion
274;"Long solo walk in early December to buy bread and visit 2 kissas and many parks. ""Fall"" colours are usually at their peak in early December in Tokyo, so that's why I always end up posting ""fall"" pictures in December and January.";Fashion;Fashion
275;Seasons come, and seasons go. As do trends in fashion. The fashion retail supplychain is a speed game now more than ever. Read more about how smart logistics can help ease the demand for speedy deliveries and ease the pressure on supply chains:;Fashion;Fashion
276;"I'm so happy to finally say that I've signed a contract with Bloomsbury for my PhD thesis to becomes a book titled ""The Women of 'Little Paris:' Fashion in Interwar Bucharest"" for 2022 or 2023";Fashion;Fashion
277;PSA: There is nothing wrong with wearing make-up, wearing form-fitting clothes, and being fashionable. Sadly, I've noticed a judgmental attitude on the part of some Indian people when it comes to these things. Personally, I love make-up!;Fashion;Fashion
278;Someone younger than me stopped me in the street to ask whether my trainers are this season and where she could buy them. For a fleeting moment I felt cool. (They’re last season) ;Fashion;Fashion
279;Much more interesting than the cost of Meghan's wardrobe IMO...all the designer pieces she's worn since the wedding have been from fashion houses with a woman at the helm. No accident there!;Fashion;Fashion
280;If we could go back in time and change one thing, we would have become better friends with Powerspace on tour in 2007. Just remembering how funny they were.;Fashion;Fashion
281;The best advice I have ever received was from my mother—keep it simple, keep it comfortable, and stay consistent.;Fashion;Fashion
282;"A street style photographer just took a picture of my pink ""Keep Calm and Watch Pretty Little Liars"" tote.";Fashion;Fashion
283;BTS ｜ SYSTEM last collection, accessory products all in! Two male hats, two female hats, and bags we have all been waiting for!;Fashion;Fashion
284;We introduce a new SYSTEM's style reinterpreted women's line with Graphics on focus.;Fashion;Fashion
285;I know Netflix loves fetishizing ex-Orthodox women who abandon their Judaism. But there are thousands (millions?) of Orthodox women who have a very different story. And yes, some of us work in fashion too. Check out the myorthodoxlife on Instagram if you don't believe me :);Fashion;Fashion
286;this company includes the best quality! Not only is the idea good, but also his team is very competent. New technology has always been a strong crypto base.;Fashion;Fashion
287;Unpopular opinion: Brooches need to make a comeback (I need to rock my grandmas hand me downs);Fashion;Fashion
288;Seriously, if I provide my own hair, how much would it cost for someone to make a human hair wig? fashion // I have 3 ponytails from 3 previous haircuts. (I lost one, then refound it, so it didn't make it to Locks of Love*.);Fashion;Fashion
289;Kanye just seems to be looking for a muse to express his fashion ideas. Regardless of the fact that Kim Kardashian is the mother of his kids, she was also a muse to him He's just hopping from one muse to another. I don't think he's emotionally available.;Fashion;Fashion
290;I lost some weight recenty and suddenly a wardrobe of suits fitted me (with some alterations!) It's the same experience as going into a second hand shop...very sustainable too!;Fashion;Fashion
291;If I've had my eye on a fashion trend for a while, and if I haven't been able to justify spending $$ on new clothes, and if I finally found a great deal and decided to go for it...I can assume the trend must already be over, right?;Fashion;Fashion
292;I want to know and work with more women in the community of art, fashion, & photography. Also If you have your own magazine/zine;Fashion;Fashion
293;This can't reproduced easily or economically. it is able to bring the highest level in the shortest possible time;Fashion;Fashion
294;I hate looking for women's clothes sometimes. Why is everything these giant floral prints? It looks like old wallpaper. ;Fashion;Fashion
295;I want prints like stripes and stars and polka dots and flames and unicorns and sharks and x-wings.;Fashion;Fashion
296;She is constantly working to continue to hone her craft, refine her fabrication skills and increasingly innovate across all sectors of web3 x fashion. An amazing member as part of the designer network and a mustttt followww as this space continues to heat up!;Fashion;Fashion
297;Kick off the weekend with Five13 Studio! Stop by the styling studio for your personal shopping session!;Fashion;Fashion
298;No American student should be made to feel ashamed of their history or identity.;Fashion;Politics
299;"needs a better name. Like ""Let's ensure families, especially those who continue to face hardships due to Covid-19 know there are resources and support services available day!"" maybe we could print it on a purple shirt ";Fashion;Politics
300;Any tips on how to make cosplay look more professional and less... idk jankey?;Fashion;Games
301;AREA 51 - GAME 2005: Mass Surveillance and the New World Order..., sound familiar;Games;Games
302;Twitter tells me that gamedevelopment is trending so check out the sci-fi first person shooter I am making in Unity3D!;Games;Games
303;Light addiction, my friends. So you can get stuck all day...;Games;Games
304;Life wasn’t what it seemed to be. Poker Face’s lifestyle has things spiraling out of control.;Games;Games
305;"XCRA GIVEAWAY ALERT !!! Hey Rich Apes! We will have a game on discord with a total prize 30 xrp!!! Join our discord now to find out more info in our ""game room""";Games;Games
306;LAST 30 MN TO SUBSCRIBE TO THE CYBORG MERCENARIES RAFFLE! Fire Cyborg Mercenaries is a unique collection made by a 3D designer from Disney and Marvel. Their roadmap is Fire with a play-to-earn project!  GET IN BEFORE ITS TOO LATE;Games;Games
307;A snippet of gameplay footage from tonight's playtest!;Games;Games
308;Thousands and millions of games around the world have some sort of a unique feel to them. Games have fostered some of the most incredible conversations of my life. This player experience is unmatched and makes us want to come back to the game again and again.;Games;Games
309;Why I am like that I landed in a server then died and got rebooted. I went further from my mates then died and got rebooted. I got rebooted went for loot and died then again got rebooted. We went to fight then I died and got rebooted. It's all in one match;Games;Games
310;Finally finished FM7. Hope the next one's just as goo;Games;Games
311;"Truth or dare power (TORD) is an online multiplayer game based on the popular social game called ""truth or dare"". In the next few weeks, we'll be sharing our progress from development to final launch. We're excited to share our journey.";Games;Games
312;Tesla disabled access to games on the screen while driving. The company decided to do it amid an investigation in the US. The day before, the Department of Transport Safety began checking 580K cars because of games that can distract drivers. Was this function even needed?;Games;Games
313;This number always fluctuates a little, but now I have more than 100 followers! Thanks a lot to everyone who followed, means a lot to me;Games;Games
314;This is how most of us would react to a real-life encounter with Huggy Wuggy;Games;Games
315;Dizzy The Adventurer - An unreleased Sega Megadrive Dizzy game as a remake for the PC gets a FREE release!;Games;Games
316;Cool rope physics, by the way it is done with a lot of bones and their subsequent rig.;Games;Games
317;While waiting for her bus she wanted to go up against me in Multiplication Squares!;Games;Games
318;Destiny 2's Xur Has A Weapon You Should Get Ahead Of An Assumed Bungie Buff;Games;Games
319;How am I playing rainbow 6 extraction I clicked it and on gamepass let me play it already is it a glitch;Games;Games
320;Adding more features today Focusing on death states but am also thinking of new enemies and movement abilities.;Games;Games
321;Does anyone actually believe mobile game ads at this point?;Games;Games
322;"Skill ""Serial Killer"" can gain one extra turn for the user if this skill kills any targets";Games;Games
323;It’s 2 days to the start of African Cup of Nations. You can win airtime by predicting the final score between Cameroon and Burkina Faso. All predictions end at kickoff.;Games;Games
324;5th run of this game. damn. gotta get all the girls’s s supports… and some guys i guess. IM GETTIN’ WITH aLL oF EM!!-;Games;Games
325;This week we worked on adding new deep ball/over the shoulder catch animations to the new catching system for Axis 2022.;Games;Sport
326;Not art related but..the 1st pic really look like Kaneki Ken from tokyo ghoul jslhkk XD i also like the maid one..she's such a pretty..cool asf 3rd pic The game called Punishing: Gray Raven It's online game tho;Games;Games
327;Yap. Do not be surprised. After sleepless nights and this can be come up));Games;Games
328;"AI of a goldfish.Visualization of the algorithm ""behavior next to other fish"". The person is really worn out";Games;Games
329;If my game inspirations could be summed with 4 pictures…;Games;Games
330;...so excited for my first adventure with Kratos! GodOfWar is one of the few games I've always envied console players for, but next week I'll finally be able to let the axe fly!;Games;Games
331;Pixel Art #257! Today I made the Atari Jaguar controller. This controller had a total of 21 digital inputs, which was way larger than any other controller from the early '90s.;Games;Games
332;I got a few comments regarding the scene being too dark, so I added a few light sources to make the scene brighter!;Games;Games
333;I use polymerization to fuse ad with meme to create...a meme that functions as an ad for the stream!;Games;Games
334;Stop by and play the free to play Super Bomberman R Online with me and some pretty cool people tonight at 10 PM EST as we make Community Night every month a thing now!;Games;Games
335;I'm a failure because I can't stream games so I guess they can breathe just fine. Meanwhile, I'm choking on tears and no one sees. I might as well just give up on being happy.;Games;Games
336;The New Brunswick Coalition of Persons with Disabilities are putting on their 2nd fundraiser Bingo! Don't miss it this coming Sunday! ;Games;Sport
337;I know he looks a bit naughty but it's a little cryptobiote from death stranding I made;Games;Fashion
338;One of the best gaming characters... one of the first: Lara Croft;Games;Games
339;Got lucky while out and about today, came home with a bit of a haul Smiling face with open mouth and all really cheap. Got all the PC and PS3 games and most of the PS2 games for 50p each.;Games;Games
340;We would love to hear all your idea's. Doesn't have to be just films, can be games, books or any other form of fiction. ;Games;Games
341;My FPS is going to be below zero. But the effect is pretty cool;Games;Games
342;ust vibing with NieR: Automata sound track;Games;Music
343;Harley is learning the stuffs. I needs a game for cats with all the smarts. This one is the boring now. ;Games;Games
344;Go to Play Store, search, install and PLAY SugarPaws: Sweet Cat Battles! Totally FREE!!;Games;Games
345;Made the player's death today. He dies when he collides with his clone. Here's how it looks: ;Games;Games
346;"AI of a goldfish, visualization of the ""catch the food"" algorithm. Looks top-notch";Games;Games
347;Who dunnit time baby! Join us for some fun with among us before I figure out what Im doin tonight;Games;Games
348;PES 2017: SmokePatch17 v3 (PC) Amistosos #5 Lazio x Atalanta;Games;Games
349;1,000 Ct Milano Set - 10g Casino Clay Chips with Acrylic Display Case for Casino Games;Games;Sport
350;Unable to repair mobile phone youth dies of suicide;Games;Games
351;Overwhelmed! Beat Ratchet, about half way done Tails of Arise and played some GG and B4B. I don't know what to start next..but I've got a hell of a selection already.;Games;Games
352;Rick Dangerous - A very difficult platforming classic as a 32 color edition for the Amiga 600/1200/CD32 gets a new tease;Games;Games
353;I added environment and footsteps sound effects.;Games;Games
354;A Minecraft enthusiast Sammyuri managed to create a working CPU in Minecraft using only Redstone. The author spent 7 months, and it can now run Tetris, Snake, Connect Four, and render graphs:;Games;Games
355;"Finished my first video game ""Virus at Home"", what do you think? Is it too offensive / too soon? ";Games;Games
356;A dynamic layout helps with building a more believable cinematic world as well as adding depth into the story. Check out this Layout process breakdown for one of our favourite shots!;Games;Games
357;Apple music, apps, tv shows, films, and more, now available to buy with Electroneum (ETN). Check out all the information on the ;Games;Music
358;Check out a tech demo of Crimson Desert, an upcoming open-world action-adventure and action RPG being developed by a South Korean game studio Pearl Abyss that previously developed an MMORPG Black Desert Online:;Games;Games
359;Can you believe this is my first time drawing Tawna from Crash;Games;Games
360;I have 2.5 days to myself to travel solo by car 500 miles with 2 stops…. It’s gonna be glorious . I’m so thankful to everyone who supports my work & to those fine people who give me the work and opportunities in the first place x thank you all;Games;Games
361;"WIP update; reworked scroller, now Stoker now moves 25% faster. (Keys and locks just as a test for sprite routine)";Games;Games
362;Appreciate your local farmers, you never know when something like this happens;Games;Games
363;New Kickstarter news! This update is a little demonstration of Arclands early game. Check it out if you like.;Games;Games
364;One of the best views - Galloping Ghost Arcade! The largest Arcade in the world! 845+ games!;Games;Games
365;Rumor – PSVR 2 Will Be Backwards Compatible With PSVR Games;Games;Games
366;Check out action-packed prototype gameplay footage of Unreal-based Project M, a dark fantasy action RPG currently in development at South Korean studio HOUND 13:;Games;Games
367;New enemy animation! The tricky Tormented Oracle. In a distant past she used to be a fortune teller.;Games;Games
368;The NAKA token is a key part of our ecosystem as it will be essential for access to games and will also play a role in the governance of the platform. The token contract was recently put through a third-party audit and no major or minor issues were found. We're ready to go.;Games;Games
369;Today I worked on the 2nd environment for the game.;Games;Games
370;Been playing the living hell out of crueltysquad so here's some fanart! This game is a masterpiece.;Games;Games
371;A bit of concept art to kick-off the new year for Dros! Enki's alchemy cart is a dinky little wagon on the outside but step inside and it's strangely more roomy...go Tardis effect!;Games;Games
372;I mean....I know it became backwards compatible, but sometimes it surprises me what games increase in value.;Games;Games
373;Hey, everyone! Testing out a buggy Runestone restoration. What do you think we could use this portal for?;Games;Games
374;Hey! I'm Dan, and I compose music with beautiful melodies, hard hitting vibes, and everything in between. If you're interested in working together on a project, reach out via DM's or email at the end of the video!;Games;Music
375;My drawing of Shenhe from Genshin Impact!(Good luck to everyone who is going to pull her!);Games;Games
376;Do you already know which race you are going to play with? Here are the available races.;Games;Games
377;THE KING OF FIGHTERS '96 - Saturn, 1996, SNK. Jefes de Art of Fighting y Fatal Fury se suman en esta lucha de furiosos peleadores;Games;Games
378;This woman is married to a man who’s trying to make a living playing;Games;Games
379;Age of Empires 2: Gold Edition - PC CD-ROM Game 2010 Microsoft Game Studios 755142110444 | eBay;Games;Games
380;The DNF team are currently working on some Dynamic new stages for the upcoming DNF game;Games;Games
381;So this is one of my first digital prints. I made this one for my daughter’s bathroom about 8 years ago.;Games;Games
382;South Park Rally was first released 22 years ago today for the Sony PlayStation in North America;Games;Games
383;Ok, it's time to get yourself together after the holidays.;Games;Games
384;Did anyone else have that book that was just that one episode of Pokémon where Ash got kidnapped by an Aerodactyl and his Charmeleon evolved and kicked the things ass? Why did they make those?;Games;Games
385;It's been a few weeks since axphin and I showed off a screenshotsaturday, so here's a view of the sewers. You'll have to find your way through the warren of interconnecting pipes while fighting off ROUS's and some oddly large slime things. #videogames FTW!;Games;Games
386;Resident Evil: Survivor (2000), Fighting the T-Virus up close and personal. Who has beaten the Tyrant in the first person?;Games;Games
387;Pixel Art #258! Today I made a Minecraft parrot basking in the sunlight. ;Games;Games
388;In Ripout, letting your Pet Gun get the killing blow may lead to some... interesting finishers;Games;Games
389;It hasn’t even been a month yet and my community has grown so much. Thank youuu;Games;Games
390;Both a remake and the final art piece for 2021! I won’t miss this year at all!!! Just throw the whole year away! Burn it!;Games;Games
391;My Connor RK800 cosplay from Detroit Become Human.;Games;Games
392;What collectable quest significantly contributed to your game time?;Games;Games
393;A multiplayer, fast-paced, physics-based beat 'em up. Discover as you play, with an array of weapons, power-ups, animals, and interactables - all capable of adding chaos to your battles! ;Games;Games
394;Bomb Rush Cyberfunk has not been announced for any cloud gaming platforms at this time.;Games;Games
395;This is the First Episode I wrote! Its on the Film History: The History Of Film RSS feed. One of these a month from now on as a special episode ;Games;Games
396;This was my go-to controller for playing JRPGs on PlayStation. It was amazing because the buttons were intuitive and you had your other hand for eating and drinking;Games;Games
397;I may have gotten a hold of playing Pokémon Black again…I also may have listened to the ost while sketching this.;Games;Games
398;Well, it's time to finish these drawings that were pending in 2021.;Games;Fashion
399;VR sex simulator... this is the worst and most embarrassing thing i've ever seen.;Games;Games
400;Lawson playing Cuphead. He maybe only 3 but he loves it, and getting better at it. He just got a trophy in the game. ;Games;Games
401;Government is committed to boosting agriculture to create more jobs.;Politics;Politics
402;I was just going through my late sister's photo album and man my mother got around politics from the 60s to 70s!;Politics;Politics
403;Cuomo Resigns Today and we reflect on his accomplishments during Covid;Politics;Politics
404;Sanjay Raut said that Priyanka Gandhi discussed the political situation in Uttar Pradesh and other poll-bound states with him;Politics;Politics
405;South Korea’s ruling political party, the Democratic Party of Korea, has revealed that it will be issuing NFTs for fundraising during the upcoming presidential elections.;Politics;Politics
406;"Cryptoassets, CBDC, and Privacy are Major Priorities for ETA&#039;s Public Policy Agenda for 2022";Politics;Politics
407;NEW AARP RESEARCH SHOWS STRONG SUPPORT FOR EXPANSION OF MEDICAID IN MISSISSIPPI;Politics;Politics
408;From yesterday’s incitement and the ensuing deadly frolic, it seems that democracy has not yet “dashed their dreams!“ Nor his!!;Politics;Politics
409;Mehdi Elefifi, a member of the U.S. Democratic Party, said the russian  moves in Ukraine led to a kind of fear for the Atlantic Party, and there had to be a direct dialogue between the U.S. ;Politics;Politics
410;MLA Seethakka Fire On Telangana CM KCR | Telangana Politics | TRS Party | Political News | Leo News;Politics;Politics
411;Online Sports Betting Will Generate Millions in Tax Revenue for New York But Likely Fall Short of Official Projections;Politics;Politics
412;New Federal Ministerial Coordinating Committee on PEI Potatoes brings whole-of-government approach to help farmers affected by U.S. trade disruption;Politics;Politics
413;The Alleged Assassins of the Haitian President in HNP Custody... Orlando W;Politics;Politics
414;The Cuban government continues to punish public criticism. Independent journalist were arrested. The leadership tries to indimidate the people. The arrested people discussed politics and did peaceful marches but in the prison they are tortured.;Politics;Politics
415;BREAKING: will be putting this out everyday Political News politicians are power-hungry pedophiles Ghislainemaxwelllist;Politics;Politics
416;Government is committed to boosting agriculture to create more jobs.;Politics;Politics
417;"""It's patently clear that some of the people who're involved in current politics…are borrowing some of the tactics of the 1920s and 1930s."" Yale History professor Timothy Snyder says some of today's politicians have learned propaganda techniques from twentieth century fascists.";Politics;Politics
418;South Korea’s ruling political party, the Democratic Party of Korea, has revealed that it will be issuing NFTs for fundraising during the upcoming presidential elections.;Politics;Politics
419;Lawrence County Republican Committee to Sponsor 2022 Republican Gubernatorial and U.S. Senatorial Debate;Politics;Politics
420;PCDC Urges Governor Hochul to Make Primary Care a Central Focus of Her $10 Billion Health Care Commitment;Politics;Politics
421;"Cryptoassets, CBDC, and Privacy are Major Priorities for ETA&#039;s Public Policy Agenda for 2022";Politics;Politics
422;NEW AARP RESEARCH SHOWS STRONG SUPPORT FOR EXPANSION OF MEDICAID IN MISSISSIPPI;Politics;Politics
423;Behind the Numbers: New FAIR Analysis Examines Biden Policies That Have Resulted in Record-Setting Illegal Immigration;Politics;Politics
424;Raghu Rama Krishnam Raju Serious Comments On Jagan Over Price Hike Watch Here;Politics;Politics
425;SEIU-UHW: Healthcare Workers Decry California Opening the Door to Forcing COVID-Positive Caregivers Back to Work;Politics;Politics
426;"NACDS Welcomes Biden Administration &#039;s Action to Confront Dire ""DIR Fees"" That Inflate Seniors &#039; Drug Costs and Jeopardize Pharmacies &#039; Viability";Politics;Politics
427;New Federal Ministerial Coordinating Committee on PEI Potatoes brings whole-of-government approach to help farmers affected by U.S. trade disruption;Politics;Politics
428;If there were to be a General Election in the United Kingdom tomorrow, for which party would you vote?;Politics;Politics
429;In the midst of a pandemic, economic crisis and the death of the middle class, 2021 was a great year for multibillionaires, who saw their wealth soared to new records. ;Politics;Politics
430;Health Secretary Sajid Javid has been directly challenged by an unvaccinated hospital consultant over the government's policy of compulsory COVID jabs for NHS staff. Do you think it should be compulsory for NHS staff to have the covid vaccine?;Politics;Politics
431;Strategic invitation to heads of five Central Asian Countries for 2022 Republic Day parade. Masterstroke?;Politics;Politics
432;Did you know that we are always looking for new companies to onboard on our industry park in Austria?;Politics;Politics
433;Dance Academy USA leading the way in improving Mental Health of Young Children in Santa Clara County;Politics;Fashion
434;Sharecare and National Academy of Sports Medicine team up to inspire people to develop better exercise habits, achieve physical fitness goals;Politics;Sport
435;SPORTSART EXPANDS ITS ECO-POWR(TM) LINE WITH THE UNVEILING OF THE G260 ROWER AT THE 2022 CONSUMER ELECTRONIC SHOW;Politics;Sport
436;Whenever any government promises something free, it is at the cost of honest tax payer. Strangely freebies are becoming common and honest tax payer is burdened to support these freebies.;Politics;Politics
437;Back to recording this week, so be on the lookout for the first episode of 2022 this weekend! Until then, catch up on what you’ve missed wherever you get your podcasts!;Politics;Music
438;It's 2021 and some people are still in denial about climate change, global warming & its VISIBLE effects on our planet.;Politics;Politics
439;"""Mwizi ni mwizi tu! Thieves have no shame. Think again. Kenyans need a leader, not a dealer."" - Governor";Politics;Politics
440;The ability to amass political mileage is a tact/skill of experience. Done “incorrectly”, it reflects working from behind situations not proactively in front of them. Be conscious of opportunists taking credit in places they didn’t contribute ;Politics;Politics
441;So, Susil Premajayantha doesn't own a vehicle. Who is he trying to fool?;Politics;Politics
442;It's true for present day India as we have many 'Bhakts' destroying the idea of harmony and progress.;Politics;Politics
443;Did the actions of this said group create any unending resources or social services specifically for our community?;Politics;Politics
444;Canada reaches agreement to compensate indigenous children taken from families;Politics;Politics
445;We have a bigger fight at hand. Fight for country. When we are done getting a Nation that works for all, we can face our dislike of each other;Politics;Politics
446;"In India every person has ""right to life"" according to article 21 of the Constitution PMModiji as your life matter to you,  you should think about life of the citizens of the country. ";Politics;Politics
447;The arrogance of the political class might be the RNA of the problem in Nigeria, but these folks here are the Spike Proteins that help the problem permeate.;Politics;Politics
448;Samajwadi Party demands removal of these officers from their post before the UP polls alleging that they are working as BJP workers.;Politics;Politics
449;Another year has passed, and we're still here making tea towels and celebrating radical history! Thanks to all of you who've supported us and joined us on our journey!;Politics;Politics
450;A fascinating read for anyone interested in the crisis of current politics. One may disagree with Jonathan Sumption but his powerful analysis cannot be ignored;Politics;Politics
451;Pmo Modi’s name and photo will be removed from the COVID-19 vaccination certificates in the five poll-bound States after the announcement of elections and implementation of the Model Code of Conduct on Saturday.;Politics;Politics
452;Do you know 23 MPs, including recently fired state minister Susil Premajayantha, voted for the 17th, 18th, 19th & 20th amendments of the constitution? They were nothing but Yesmen.;Politics;Politics
453;DON’T TURN AWAY….don’t close your mind, this AFFECTS you. My article on the Police, Crime, Sentencing and Courts Bill.;Politics;Politics
454;See they are all up to no good regardless of Party but this bloke has been given a knighthood, what a joke.;Politics;Politics
455;ONE MORE WAVE THIS IS NOT FROM ANY OTHER COUNTRIES IT'S OUR POLITICIANS WHO BROUGHT THIS. WHICH IS GOING TO END... NEVER;Politics;Politics
456;Trump endorsing Viktor Orban, Hungarian autocrat, Tucker Carlson filming live from Budapest, and CPAC holding a massive rally in Hungary tells us all we really need to know about the GOP. Terrifying;Politics;Politics
457;Honourable Prime Minister Shri Narendra Modi would have known this if he had paid attention to falling health care infrastructure of India during a global pandemic!;Politics;Politics
458;This will be fab! Online book launch of Kajri Jain's new book - Gods in the Time of Democracy - on Jan 14. Chk out the super lineup of speakers;Politics;Politics
459;Our founders knew the dangers of political parties. When will we replace blind allegiance with reasoned thought?;Politics;Politics
460;Leading a country needs to become a job that one studies for, one is tested for, one is interviewed for, one is periodically evaluated on. More so than leading a company as the stakes are so much higher. So for all political posts at all levels.;Politics;Politics
461;If Nehru & Babasaheb truly wanted socialist & non-casteist society then why they haven’t discarded cast system (as projected bad now) in #Constitution in 1950 itself?;Politics;Politics
462;"After WFH now it's time for PFH? (Read: Prachar/Politics From Home). Political rallies are on hold & various curbs in place; it's high time for contestants to innovate and be creative for upcoming elections.";Politics;Politics
463;There is nothing the regime can do to stop the mass awakening. The pen is stronger than the knife, they can kill you once but they can’t kill you twice. ;Politics;Politics
464;New Year's resolution is to improve content & push myself with this medium.;Politics;Fashion
465;"Michael Lobo resigns as Minister,MLA, and from BJP; submits resignation to CM Sawant & Speaker Rajesh Patnekar respectively; likely to join Congress ";Politics;Politics
466;Are the existing government structures and policies adequate enough to feed Kenya’s rising population? Siasa Bomba continues to shed light on Kenya's food security. Here's what you can expect in this week's episode.;Politics;Politics
467;We Should Not Cross A Line In Politics , Specially Dragging Families And Commenting On Ladies Who Are Not Involved In Active Politics !  The Way Maharashtra Politics Is Going , Everything Is Getting Personal ! Lines Are Crossed , Boundaries Are Broken . This Need To Stop !;Politics;Politics
468;Just couldn't make it up...lost at home, then away! I just ordered take away to drawn my sorrows...this is why I haven't invested too tough in football & retreated to Politics Just not good enough, too many excuses, we missed too many opportunitys last week & again 2day;Politics;Politics
469;WATCH: CNN Hosts Blitzer, Tapper, and Cooper Run Away When Confronted by Project Veritas Over Producers Accused of Child Sex Crimes (VIDEO);Politics;Politics
470;The vote cast by the Chairman or a Member acting as such in the House and by the Chairman or a Member acting as such in a Committee, in the case of an equality of votes on a matter.;Politics;Politics
471;Thousands of citizens living in towns like this across Pennsylvania are left silently slipping under the poverty line. It’s time we take a look into ways we can start revitalizing these;Politics;Politics
472;Quraishi questions hate politics and the utter disregard for the Constitution of India by the fringe that is being mainstreamed aggressively.;Politics;Politics
473;Someone teach this to uneducated people sitting in parliament who are spreading hate. Someone teach this to the people who are putting said people in position of power to harm the country;Politics;Politics
474;Here are our A-level Politics students, who volunteer to review politics-related books over the year. The Senior School Library provides exciting choices, allowing students to deepen and extend their knowledge. Looking forward to finding out what they think! ;Politics;Politics
475;It is so important for us to be seen and heard, so we can address the issues we face every day politically – our struggle for full equality. Be brave and get involved in politics. I'm not saying it will be easy – it will be not. However, the results will be worth it.;Politics;Politics
476;Money In Politics The central factor to congress's inability to work together and get work done is the issue of money in politics. Corporations and special interest groups have endless amounts of money invested in politicians, on both sides of the aisle. This has to end!;Politics;Politics
477;Mamata Banerjee has emerged as India's strongest, most ferocious & impactful leader! Here's why India is ready to see her as the next Female Prime Minister.;Politics;Politics
478;More than 150,000 people have died in the UK from coronavirus since the start of the pandemic, according to government figures. Do you think tighter coronavirus restrictions would have prevented these deaths? ;Politics;Politics
479;At least 19 dead, including 9 children, after dozens injured in NYC fire: Officials;Politics;Politics
480;You can’t ask a rock to move out of the path of progress that’s silly you have to adjust your course and move around it.;Politics;Politics
481;The worst part about being in politics is politicians. They are so in love with the idea of being leaders. We are not the same, y'all want to be leaders I want to be a organizer. I'm not happy to be in the room, I'm pissed off I'm ready to get the work done. ;Politics;Politics
482;We need to fundamentally change the business model of politics, making it more inclusive, honest, & kind. We can build the diverse coalitions necessary to save our democracy.;Politics;Politics
483;"Got an opportunity to watch the Onemovie,which illustrates how a good CM should be & and his actions taken by him to give a good democratic/ currupted free service to the people.""Right to recall"" very much attracted me.";Politics;Politics
484;Afghanistan: Baby lost in Kabul evacuation is reunited with family;Politics;Politics
485;United States President Joe Biden arrives aboard Air Force One to Joint Base Andrews;Politics;Politics
486;CSTO summit: Kazakhstan’s President thanks Armenia’s PM for operative work;Politics;Politics
487;"Follow the chaos &its resolution in the book, ""One Vote"" The President-Elect dies 3 days after the election The incumbent President refuses to leave & the VP-Elect claims her right to serve as Acting Pres.";Politics;Politics
488;""" We need politicians that don't want to be there"". - Graham Hood From my slow chat with Graham Hood on the 1st November 2021. Watch the full interview here ";Politics;Politics
489;“Late Manohar Parrikar will always be by idol, but I am resigning from the party as it’s not the same as that of Parrikar’s time and joining the party that accused same Parrikar in Rafael deal”;Politics;Politics
490;I gotta be honest they're expecting me to Cringe at this take, but the truth is that America has enough resources and I would actually PREFER to see it live up to the it takes a village and actually make all the children the responsibility of the entire village.;Politics;Politics
491;Please take notice of Republican spokespeople and their behavior. It's as consistent as the wind blows.;Politics;Politics
492;Political dynasties are increasingly dominating governments in Southeast Asia, posing an obstacle to good governance in one of the world's most economically vibrant regions.;Politics;Politics
493;is trending on twitter for what he has said against Veer Savarkar. If using bad words for Mahatama Gandhi is wrong then the same applies for Veer Savarkar. Do you all agree??;Politics;Politics
494;It appears there is discontent amongst the establishment. Who’ll bite first? ;Politics;Politics
495;It’s Thor’s Day! Thor commands you pick up a copy of SEX and the AMERICAN MALE (the humorous satire about American society). ;Politics;Games
496;Multiple sources tell Politics 101 she is exploring a run for state Senate District 16, which covers Kings County and parts of Tulare and Kern counties.;Politics;Politics
497;Side by side comparison of the news. Comment on overt bias or under-reporting. Share to support an informed democracy.;Politics;Politics
498;"We made this meme for responding to people who say things like, ""January 6 was a violent insurrection,"" or, ""I wear three masks to protect my children,"" who then refuse to look at any other information.";Politics;Politics
499;So, I did a thing...a little opinion piece on one Ted Cruz. Love it or hate it, let me know what you think. ;Politics;Politics
500;We wish you a happy new year! Party popperIn 2022, we're doubling down on our efforts to support more representative and future-oriented leadership in politics. Here's a sneak peek of what we have in store...;Politics;Politics